{
	"info": {
		"_postman_id": "57b48b25-0a94-4179-9712-3bcc21bf9d48",
		"name": "OxidizedCRM",
		"schema": "https://schema.getpostman.com/json/collection/v2.1.0/collection.json"
	},
	"item": [
		{
			"name": "Contacts",
			"item": [
				{
					"name": "createContact",
					"request": {
						"method": "POST",
						"header": [],
						"body": {
							"mode": "raw",
							"raw": "{\r\n    \"customer_id\":\"65de564283bf715be420b46b\",\r\n    \"contact\":{\r\n            \"name\": \"John Doe\",\r\n            \"phone_number\": \"123-456-7890\",\r\n            \"email\": \"johndoe@example.com\",\r\n            \"title\": \"Sales Manager\",\r\n            \"note\": \"Available for contact during business hours.\"\r\n        }\r\n}",
							"options": {
								"raw": {
									"language": "json"
								}
							}
						},
						"url": {
							"raw": "http://localhost:3000/api/contacts/create/contact",
							"protocol": "http",
							"host": [
								"localhost"
							],
							"port": "3000",
							"path": [
								"api",
								"contacts",
								"create",
								"contact"
							]
						}
					},
					"response": []
				},
				{
					"name": "deleteContact",
					"request": {
						"method": "POST",
						"header": [],
						"body": {
							"mode": "raw",
							"raw": "{\r\n    \"contact_id\":\"65de56f783bf715be420b473\"\r\n}",
							"options": {
								"raw": {
									"language": "json"
								}
							}
						},
						"url": {
							"raw": "http://localhost:3000/api/contacts/delete/contact",
							"protocol": "http",
							"host": [
								"localhost"
							],
							"port": "3000",
							"path": [
								"api",
								"contacts",
								"delete",
								"contact"
							]
						}
					},
					"response": []
				},
				{
					"name": "modifyContact",
					"request": {
						"method": "PUT",
						"header": [],
						"body": {
							"mode": "raw",
							"raw": "{\r\n    \"contact_id\":\"65de56f783bf715be420b473\",\r\n    \"contact\":{\r\n            \"name\": \"Dakota Soles\",\r\n            \"phone_number\": \"940-390-9531\",\r\n            \"email\": \"dakotasoles@example.com\",\r\n            \"title\": \"Sales Manager\",\r\n            \"note\": \"Available for contact during business hours.\"\r\n        }\r\n\r\n}",
							"options": {
								"raw": {
									"language": "json"
								}
							}
						},
						"url": {
							"raw": "http://localhost:3000/api/contacts/modify/contact",
							"protocol": "http",
							"host": [
								"localhost"
							],
							"port": "3000",
							"path": [
								"api",
								"contacts",
								"modify",
								"contact"
							]
						}
					},
					"response": []
				},
				{
					"name": "allContacts",
					"request": {
						"method": "GET",
						"header": [],
						"url": {
							"raw": "http://localhost:3000/api/contacts/allContacts",
							"protocol": "http",
							"host": [
								"localhost"
							],
							"port": "3000",
							"path": [
								"api",
								"contacts",
								"allContacts"
							]
						}
					},
					"response": []
				}
			]
		},
		{
			"name": "Customers",
			"item": [
				{
					"name": "createCustomer",
					"request": {
						"method": "POST",
						"header": [],
						"body": {
							"mode": "raw",
							"raw": "{\r\n            \"name\": \"XYZ Corporation\",\r\n            \"address\": \"456 Elm Street\",\r\n            \"city\": \"Los Angeles\",\r\n            \"state\": \"CA\",\r\n            \"zip\": \"90001\",\r\n            \"billing_address\": \"456 Elm Street\",\r\n            \"billing_city\": \"Los Angeles\",\r\n            \"billing_state\": \"CA\",\r\n            \"billing_zip\": \"90001\",\r\n            \"note\": \"Regular client for electronic products.\",\r\n            \"margin\": 0.10\r\n}",
							"options": {
								"raw": {
									"language": "json"
								}
							}
						},
						"url": {
							"raw": "http://localhost:3000/api/customers/create/customer",
							"protocol": "http",
							"host": [
								"localhost"
							],
							"port": "3000",
							"path": [
								"api",
								"customers",
								"create",
								"customer"
							]
						}
					},
					"response": []
				},
				{
					"name": "deleteCustomer",
					"request": {
						"method": "POST",
						"header": [],
						"body": {
							"mode": "raw",
							"raw": "{\r\n    \"customer_id\": \"65cd926bd53c24b6ad3ca404\"\r\n}",
							"options": {
								"raw": {
									"language": "json"
								}
							}
						},
						"url": {
							"raw": "http://localhost:3000/api/customers/delete/customer",
							"protocol": "http",
							"host": [
								"localhost"
							],
							"port": "3000",
							"path": [
								"api",
								"customers",
								"delete",
								"customer"
							]
						}
					},
					"response": []
				},
				{
					"name": "allCustomers",
					"request": {
						"method": "GET",
						"header": [],
						"url": {
							"raw": "http://localhost:3000/api/customers/allCustomer",
							"protocol": "http",
							"host": [
								"localhost"
							],
							"port": "3000",
							"path": [
								"api",
								"customers",
								"allCustomer"
							]
						}
					},
					"response": []
				},
				{
					"name": "modifyCustomer",
					"request": {
						"method": "PUT",
						"header": [],
						"body": {
							"mode": "raw",
							"raw": "{\r\n    \"customer_id\":\"65de564283bf715be420b46b\",\r\n    \"customer\":{\r\n            \"name\": \"CaretByte Solutions LLC\",\r\n            \"address\": \"2600 E Renner Rd, APT 272\",\r\n            \"city\": \"Richardson\",\r\n            \"state\": \"TX\",\r\n            \"zip\": \"75082\",\r\n            \"billing_address\": \"456 Elm Street\",\r\n            \"billing_city\": \"Los Angeles\",\r\n            \"billing_state\": \"CA\",\r\n            \"billing_zip\": \"90001\",\r\n            \"note\": \"Regular client for electronic products.\",\r\n            \"margin\": 0.10\r\n    }\r\n}",
							"options": {
								"raw": {
									"language": "json"
								}
							}
						},
						"url": {
							"raw": "http://localhost:3000/api/customers/modify/customer",
							"protocol": "http",
							"host": [
								"localhost"
							],
							"port": "3000",
							"path": [
								"api",
								"customers",
								"modify",
								"customer"
							]
						}
					},
					"response": []
				}
			]
		},
		{
			"name": "Employees",
			"item": [
				{
					"name": "getCustomersForEmployee",
					"request": {
						"method": "GET",
						"header": [],
						"url": {
							"raw": "http://localhost:3000/api/employees/getCustomers?employee=65c43054079553bd8c0aea20",
							"protocol": "http",
							"host": [
								"localhost"
							],
							"port": "3000",
							"path": [
								"api",
								"employees",
								"getCustomers"
							],
							"query": [
								{
									"key": "employee",
									"value": "65c43054079553bd8c0aea20"
								}
							]
						}
					},
					"response": []
				},
				{
					"name": "addCustomerForEmployee",
					"request": {
						"method": "POST",
						"header": [],
						"body": {
							"mode": "raw",
							"raw": "{\r\n    \"employee_id\":\"65cd96278462d5fca36c6602\",\r\n    \"customer_id\": \"65cd926bd53c24b6ad3ca404\"\r\n}",
							"options": {
								"raw": {
									"language": "json"
								}
							}
						},
						"url": {
							"raw": "http://localhost:3000/api/employees/addCustomer",
							"protocol": "http",
							"host": [
								"localhost"
							],
							"port": "3000",
							"path": [
								"api",
								"employees",
								"addCustomer"
							]
						}
					},
					"response": []
				},
				{
					"name": "registerEmployee",
					"request": {
						"method": "POST",
						"header": [],
						"body": {
							"mode": "raw",
							"raw": "{\r\n    \"email\":\"dakotasoles@gmail.com\",\r\n    \"username\":\"pancax\",\r\n    \"password\":\"12345678\",\r\n    \"name\":\"dakota\"\r\n}",
							"options": {
								"raw": {
									"language": "json"
								}
							}
						},
						"url": {
							"raw": "http://localhost:3000/api/auth/register",
							"protocol": "http",
							"host": [
								"localhost"
							],
							"port": "3000",
							"path": [
								"api",
								"auth",
								"register"
							]
						}
					},
					"response": []
				},
				{
					"name": "removeCustomerForEmployee",
					"request": {
						"method": "POST",
						"header": [],
						"url": {
							"raw": "http://localhost:3000/api/employees/removeCustomer",
							"protocol": "http",
							"host": [
								"localhost"
							],
							"port": "3000",
							"path": [
								"api",
								"employees",
								"removeCustomer"
							]
						}
					},
					"response": []
				},
				{
					"name": "getEmployees",
					"request": {
						"method": "GET",
						"header": [],
						"url": {
							"raw": "http://localhost:3000/api/employees/getEmployees",
							"protocol": "http",
							"host": [
								"localhost"
							],
							"port": "3000",
							"path": [
								"api",
								"employees",
								"getEmployees"
							]
						}
					},
					"response": []
				}
			]
		},
		{
			"name": "Invoices",
			"item": [
				{
					"name": "getInvoiceDetails",
					"request": {
						"method": "GET",
						"header": [],
						"url": {
							"raw": "http://localhost:3000/api/invoices/getDetailedInvoice",
							"protocol": "http",
							"host": [
								"localhost"
							],
							"port": "3000",
							"path": [
								"api",
								"invoices",
								"getDetailedInvoice"
							]
						}
					},
					"response": []
				},
				{
					"name": "createInvoiceForOrder",
					"request": {
						"method": "POST",
						"header": [],
						"body": {
							"mode": "raw",
							"raw": "{\r\n    \"order_id\":\"65dfc2085ed42584a4e2e3a9\",\r\n    \"invoice\":{\r\n        \"vendor\":\"65de46bf9028fb366630f2da\",\r\n        \"customer\":\"65de564283bf715be420b46b\",\r\n        \"generating_quote\":\"65dfc3e12f59b07742eb4e00\",\r\n        \"invoice_content\": [\r\n            {\r\n            \"product\": {\r\n                \"_id\": \"65de668ce60fcb11db31196e\",\r\n                \"type\": \"electronics\",\r\n                \"part_number\": \"123456\",\r\n                \"product_name\": \"Smartphone\",\r\n                \"size\": \"5.5 inches\",\r\n                \"amount_per_case\": 20,\r\n                \"cases_per_pallet\": 50,\r\n                \"cost_per_product\": 300,\r\n                \"pallet_per_truck\": 20,\r\n                \"unit_measure\": \"pcs\",\r\n                \"note\": \"Includes charger and earphones.\",\r\n                \"vendor_owned\": \"65de46bf9028fb366630f2da\",\r\n                \"__v\": 0\r\n            },\r\n            \"quantity\": 1,\r\n            \"margin\": 0.1\r\n            }\r\n        ]\r\n    }\r\n}",
							"options": {
								"raw": {
									"language": "json"
								}
							}
						},
						"url": {
							"raw": "http://localhost:3000/api/invoices/createInvoiceForOrder",
							"protocol": "http",
							"host": [
								"localhost"
							],
							"port": "3000",
							"path": [
								"api",
								"invoices",
								"createInvoiceForOrder"
							]
						}
					},
					"response": []
				},
				{
					"name": "updateInvoice",
					"request": {
						"method": "PUT",
						"header": [],
						"body": {
							"mode": "raw",
							"raw": "{\r\n        \"invoice_id\": \"65dfcaaa387b715e6a4c9aea\",\r\n        \"invoice\":{\r\n            \"vendor\": \"65de46bf9028fb366630f2da\",\r\n            \"customer\": \"65de564283bf715be420b46b\",\r\n            \"invoice_content\": [\r\n                {\r\n                    \"product\": {\r\n                        \"type\": \"electronics\",\r\n                        \"part_number\": \"123456\",\r\n                        \"product_name\": \"Smartphone\",\r\n                        \"size\": \"5.5 inches\",\r\n                        \"amount_per_case\": 20,\r\n                        \"cases_per_pallet\": 50,\r\n                     \"cost_per_product\": 300,\r\n                     \"pallet_per_truck\": 20,\r\n                      \"unit_measure\": \"pcs\",\r\n                      \"note\": \"Includes charger and earphones.\",\r\n                      \"vendor_owned\": \"65de46bf9028fb366630f2da\"\r\n                   },\r\n                   \"quantity\": 3,\r\n                    \"margin\": 0.3,\r\n                    \"_id\": \"65dfcaaa387b715e6a4c9aeb\"\r\n                }\r\n            ],\r\n            \"generating_quote\": \"65dfc3e12f59b07742eb4e00\",\r\n        }\r\n}",
							"options": {
								"raw": {
									"language": "json"
								}
							}
						},
						"url": {
							"raw": "http://localhost:3000/api/invoices/updateInvoice",
							"protocol": "http",
							"host": [
								"localhost"
							],
							"port": "3000",
							"path": [
								"api",
								"invoices",
								"updateInvoice"
							]
						}
					},
					"response": []
				},
				{
					"name": "deleteInvoiceFromOrder",
					"request": {
						"method": "POST",
						"header": [],
						"body": {
							"mode": "raw",
							"raw": "{\r\n    \"order_id\":\"65dfc2085ed42584a4e2e3a9\",\r\n    \"invoice_id\":\"65dfc86f3585164833525cf1\"\r\n}",
							"options": {
								"raw": {
									"language": "json"
								}
							}
						},
						"url": {
							"raw": "http://localhost:3000/api/invoices/deleteInvoice",
							"protocol": "http",
							"host": [
								"localhost"
							],
							"port": "3000",
							"path": [
								"api",
								"invoices",
								"deleteInvoice"
							]
						}
					},
					"response": []
				},
				{
					"name": "getAllInvoices",
					"request": {
						"method": "GET",
						"header": [],
						"url": {
							"raw": "http://localhost:3000/api/invoices/getAllInvoices",
							"protocol": "http",
							"host": [
								"localhost"
							],
							"port": "3000",
							"path": [
								"api",
								"invoices",
								"getAllInvoices"
							]
						}
					},
					"response": []
				}
			]
		},
		{
			"name": "Orders",
			"item": [
				{
					"name": "createOrderForCustomer",
					"request": {
						"method": "POST",
						"header": [],
						"body": {
							"mode": "raw",
							"raw": "{\r\n    \"customer\":\"65de564283bf715be420b46b\",\r\n    \"employee\": \"65de588e697161bb2818559b\"\r\n}",
							"options": {
								"raw": {
									"language": "json"
								}
							}
						},
						"url": {
							"raw": "http://localhost:3000/api/orders/createOrder",
							"protocol": "http",
							"host": [
								"localhost"
							],
							"port": "3000",
							"path": [
								"api",
								"orders",
								"createOrder"
							]
						}
					},
					"response": []
				},
				{
					"name": "getOrdersForCustomer",
					"request": {
						"method": "GET",
						"header": [],
						"url": {
							"raw": "http://localhost:3000/api/orders/getOrdersForCustomer?customer=65de564283bf715be420b46b&employee=65de588e697161bb2818559b",
							"protocol": "http",
							"host": [
								"localhost"
							],
							"port": "3000",
							"path": [
								"api",
								"orders",
								"getOrdersForCustomer"
							],
							"query": [
								{
									"key": "customer",
									"value": "65de564283bf715be420b46b"
								},
								{
									"key": "employee",
									"value": "65de588e697161bb2818559b"
								}
							]
						}
					},
					"response": []
				},
				{
					"name": "getOrderDetails",
					"request": {
						"method": "GET",
						"header": [],
						"url": {
							"raw": "http://localhost:3000/api/orders/getOrderDetails?order=65de595e239013de2fde4413",
							"protocol": "http",
							"host": [
								"localhost"
							],
							"port": "3000",
							"path": [
								"api",
								"orders",
								"getOrderDetails"
							],
							"query": [
								{
									"key": "order",
									"value": "65de595e239013de2fde4413"
								}
							]
						}
					},
					"response": []
				},
				{
					"name": "getAllOrdersForEmployee",
					"request": {
						"method": "GET",
						"header": [],
						"url": {
							"raw": "http://localhost:3000/api/orders/getAllOrdersForEmployee?employee=65de588e697161bb2818559b",
							"protocol": "http",
							"host": [
								"localhost"
							],
							"port": "3000",
							"path": [
								"api",
								"orders",
								"getAllOrdersForEmployee"
							],
							"query": [
								{
									"key": "employee",
									"value": "65de588e697161bb2818559b"
								}
							]
						}
					},
					"response": []
				}
			]
		},
		{
			"name": "Products",
			"item": [
				{
					"name": "createProduct",
					"request": {
						"method": "POST",
						"header": [],
						"body": {
							"mode": "raw",
							"raw": "{\r\n    \"type\": \"electronics\",\r\n    \"part_number\": \"123456\",\r\n    \"product_name\": \"Smartphone\",\r\n    \"size\": \"5.5 inches\",\r\n    \"amount_per_case\": 20,\r\n    \"cases_per_pallet\": 50,\r\n    \"cost_per_product\": 300,\r\n    \"pallet_per_truck\": 20,\r\n    \"unit_measure\": \"pcs\",\r\n    \"note\": \"Includes charger and earphones.\",\r\n    \"vendor_owned\":\"65de46bf9028fb366630f2da\"\r\n}",
							"options": {
								"raw": {
									"language": "json"
								}
							}
						},
						"url": {
							"raw": "http://localhost:3000/api/products/create/product",
							"protocol": "http",
							"host": [
								"localhost"
							],
							"port": "3000",
							"path": [
								"api",
								"products",
								"create",
								"product"
							]
						}
					},
					"response": []
				},
				{
					"name": "allProducts",
					"request": {
						"method": "GET",
						"header": [],
						"url": {
							"raw": "http://localhost:3000/api/products/allProducts",
							"protocol": "http",
							"host": [
								"localhost"
							],
							"port": "3000",
							"path": [
								"api",
								"products",
								"allProducts"
							]
						}
					},
					"response": []
				},
				{
					"name": "deleteProduct",
					"request": {
						"method": "POST",
						"header": [],
						"body": {
							"mode": "raw",
							"raw": "{\r\n    \"product_id\":\"\"\r\n}",
							"options": {
								"raw": {
									"language": "json"
								}
							}
						},
						"url": {
							"raw": "http://localhost:3000/api/products/delete/product",
							"protocol": "http",
							"host": [
								"localhost"
							],
							"port": "3000",
							"path": [
								"api",
								"products",
								"delete",
								"product"
							]
						}
					},
					"response": []
				},
				{
					"name": "modifyProduct",
					"request": {
						"method": "PUT",
						"header": [],
						"body": {
							"mode": "raw",
							"raw": "{\r\n    \"product_id\":\"\",\r\n    \"product\":{\r\n        \r\n    }\r\n}",
							"options": {
								"raw": {
									"language": "json"
								}
							}
						},
						"url": {
							"raw": "http://localhost:3000/api/products/modify/product",
							"protocol": "http",
							"host": [
								"localhost"
							],
							"port": "3000",
							"path": [
								"api",
								"products",
								"modify",
								"product"
							]
						}
					},
					"response": []
				}
			]
		},
		{
			"name": "Quotes",
			"item": [
				{
					"name": "createQuoteForOrder",
					"request": {
						"method": "POST",
						"header": [],
						"body": {
							"mode": "raw",
							"raw": "{\r\n    \"order_id\":\"65ce9c2d225b27f808f7b861\",\r\n    \"quote\": {\r\n        \"vendor\" : \"65ceaddf3a9b8f1abe9cd9ac\",\r\n        \"customer\": \"65ce99e232abe7db16fb90a7\",\r\n        \"quote_content\": [\r\n            {\r\n                \"product\":\"65cead433a9b8f1abe9cd9a9\",\r\n                \"quantity\":1\r\n            }\r\n        ]\r\n    }\r\n}",
							"options": {
								"raw": {
									"language": "json"
								}
							}
						},
						"url": {
							"raw": "http://localhost:3000/api/quotes/createQuote",
							"protocol": "http",
							"host": [
								"localhost"
							],
							"port": "3000",
							"path": [
								"api",
								"quotes",
								"createQuote"
							]
						}
					},
					"response": []
				},
				{
					"name": "getQuoteDetails",
					"request": {
						"method": "GET",
						"header": [],
						"url": {
							"raw": "http://localhost:3000/api/quotes/getQuoteDetails?quote=65dfc3e12f59b07742eb4e00",
							"protocol": "http",
							"host": [
								"localhost"
							],
							"port": "3000",
							"path": [
								"api",
								"quotes",
								"getQuoteDetails"
							],
							"query": [
								{
									"key": "quote",
									"value": "65dfc3e12f59b07742eb4e00"
								}
							]
						}
					},
					"response": []
				},
				{
					"name": "updateQuote",
					"request": {
						"method": "PUT",
						"header": [],
						"body": {
							"mode": "raw",
							"raw": "{\r\n    \"quote_id\":\"\",\r\n    \"quote\": {\r\n        \"vendor\" : \"65ceaddf3a9b8f1abe9cd9ac\",\r\n        \"customer\": \"65ce99e232abe7db16fb90a7\",\r\n        \"quote_content\": [\r\n            {\r\n                \"product\":\"65cead433a9b8f1abe9cd9a9\",\r\n                \"quantity\":3\r\n            },\r\n            {\r\n                \"product\":\"65ceb86435e4a745c00c0957\",\r\n                \"quantity\":5\r\n            }\r\n        ]\r\n    }\r\n}",
							"options": {
								"raw": {
									"language": "json"
								}
							}
						},
						"url": {
							"raw": "http://localhost:3000/api/quotes/updateQuote",
							"protocol": "http",
							"host": [
								"localhost"
							],
							"port": "3000",
							"path": [
								"api",
								"quotes",
								"updateQuote"
							]
						}
					},
					"response": []
				},
				{
					"name": "deleteQuoteFromOrder",
					"request": {
						"method": "POST",
						"header": [],
						"body": {
							"mode": "raw",
							"raw": "{\r\n    \"order_id\":\"65dfc2085ed42584a4e2e3a9\",\r\n    \"quote_id\":\"65dfc2535ed42584a4e2e3b0\"\r\n}",
							"options": {
								"raw": {
									"language": "json"
								}
							}
						},
						"url": {
							"raw": "http://localhost:3000/api/quotes/deleteQuote",
							"protocol": "http",
							"host": [
								"localhost"
							],
							"port": "3000",
							"path": [
								"api",
								"quotes",
								"deleteQuote"
							]
						}
					},
					"response": []
				}
			]
		},
		{
			"name": "Vendor",
			"item": [
				{
					"name": "createVendor",
					"request": {
						"method": "POST",
						"header": [],
						"body": {
							"mode": "raw",
							"raw": "{\r\n            \"name\": \"ABC Electronics\",\r\n            \"address\": \"123 Main Street\",\r\n            \"city\": \"New York\",\r\n            \"state\": \"NY\",\r\n            \"zip\": \"10001\",\r\n            \"note\": \"Main supplier of electronic components.\"\r\n}",
							"options": {
								"raw": {
									"language": "json"
								}
							}
						},
						"url": {
							"raw": "http://localhost:3000/api/vendors/create/vendor",
							"protocol": "http",
							"host": [
								"localhost"
							],
							"port": "3000",
							"path": [
								"api",
								"vendors",
								"create",
								"vendor"
							]
						}
					},
					"response": []
				},
				{
					"name": "allVendor",
					"request": {
						"method": "GET",
						"header": [],
						"url": {
							"raw": "http://localhost:3000/api/vendors/allVendor",
							"protocol": "http",
							"host": [
								"localhost"
							],
							"port": "3000",
							"path": [
								"api",
								"vendors",
								"allVendor"
							]
						}
					},
					"response": []
				},
				{
					"name": "deleteVendor",
					"request": {
						"method": "POST",
						"header": [],
						"body": {
							"mode": "raw",
							"raw": "{\r\n    \"vendor_id\":\"\"\r\n}",
							"options": {
								"raw": {
									"language": "json"
								}
							}
						},
						"url": {
							"raw": "http://localhost:3000/api/vendors/delete/vendor",
							"protocol": "http",
							"host": [
								"localhost"
							],
							"port": "3000",
							"path": [
								"api",
								"vendors",
								"delete",
								"vendor"
							]
						}
					},
					"response": []
				},
				{
					"name": "modifyVendor",
					"request": {
						"method": "PUT",
						"header": [],
						"body": {
							"mode": "raw",
							"raw": "{\r\n    \"vendor_id\":\"\",\r\n    \"vendor\":{\r\n        \r\n    }\r\n}",
							"options": {
								"raw": {
									"language": "json"
								}
							}
						},
						"url": {
							"raw": "http://localhost:3000/api/vendors/modify/vendor",
							"protocol": "http",
							"host": [
								"localhost"
							],
							"port": "3000",
							"path": [
								"api",
								"vendors",
								"modify",
								"vendor"
							]
						}
					},
					"response": []
				}
			]
		}
	]
}